PlusCode,Product Name,Account Name,Email ID,SubscriptionStartDate,SubscriptionEndDate,AccessTypes
D8C4AC011110,Davis Edge for Essentials of Psychiatric Mental Health Nursing, ,,,,EDG
1D87EB011110,Davis Edge for Essentials of Psychiatric Mental Health Nursing, ,,,,EDG
B20578011110,Davis Edge for Essentials of Psychiatric Mental Health Nursing, ,,,,EDG
78B0EF011110,Davis Edge for Essentials of Psychiatric Mental Health Nursing, ,,,,EDG
F5EEC6011110,Davis Edge for Essentials of Psychiatric Mental Health Nursing, ,,,,EDG
7A12FC011110,Davis Edge for Essentials of Psychiatric Mental Health Nursing, ,,,,EDG
CA8295011110,Davis Edge for Essentials of Psychiatric Mental Health Nursing, ,,,,EDG
24536011110,Davis Edge for Essentials of Psychiatric Mental Health Nursing, ,,,,EDG
77C018011110,Davis Edge for Essentials of Psychiatric Mental Health Nursing, ,,,,EDG
4A0C89011110,Davis Edge for Essentials of Psychiatric Mental Health Nursing, ,,,,EDG
C21864011110,Davis Edge for Essentials of Psychiatric Mental Health Nursing, ,,,,EDG
D6B01F011110,Davis Edge for Essentials of Psychiatric Mental Health Nursing, ,,,,EDG
C448AF011110,Davis Edge for Essentials of Psychiatric Mental Health Nursing, ,,,,EDG
DB57ED011110,Davis Edge for Essentials of Psychiatric Mental Health Nursing, ,,,,EDG
953D1D011110,Davis Edge for Essentials of Psychiatric Mental Health Nursing, ,,,,EDG
9F5573011110,Davis Edge for Essentials of Psychiatric Mental Health Nursing, ,,,,EDG
80E412011110,Davis Edge for Essentials of Psychiatric Mental Health Nursing, ,,,,EDG
9C9464011110,Davis Edge for Essentials of Psychiatric Mental Health Nursing, ,,,,EDG
09A646011110,Davis Edge for Essentials of Psychiatric Mental Health Nursing, ,,,,EDG
AF0B9F011110,Davis Edge for Essentials of Psychiatric Mental Health Nursing, ,,,,EDG
E9CBA8011110,Davis Edge for Essentials of Psychiatric Mental Health Nursing, ,,,,EDG
51C30D011110,Davis Edge for Essentials of Psychiatric Mental Health Nursing, ,,,,EDG
C2667A011110,Davis Edge for Essentials of Psychiatric Mental Health Nursing, ,,,,EDG
83487011110,Davis Edge for Essentials of Psychiatric Mental Health Nursing, ,,,,EDG
6D48AB011110,Davis Edge for Essentials of Psychiatric Mental Health Nursing, ,,,,EDG
4.63763E+11,Davis Edge for Essentials of Psychiatric Mental Health Nursing, ,,,,EDG
51D3CD011110,Davis Edge for Essentials of Psychiatric Mental Health Nursing, ,,,,EDG
BD69C9011110,Davis Edge for Essentials of Psychiatric Mental Health Nursing, ,,,,EDG
6631C4011110,Davis Edge for Essentials of Psychiatric Mental Health Nursing, ,,,,EDG
4F6CBE011110,Davis Edge for Essentials of Psychiatric Mental Health Nursing, ,,,,EDG
C74EC5011110,Davis Edge for Essentials of Psychiatric Mental Health Nursing, ,,,,EDG
BEFDF8011110,Davis Edge for Essentials of Psychiatric Mental Health Nursing, ,,,,EDG
0FC0B2011110,Davis Edge for Essentials of Psychiatric Mental Health Nursing, ,,,,EDG
E7D826011110,Davis Edge for Essentials of Psychiatric Mental Health Nursing, ,,,,EDG
3A5831011110,Davis Edge for Essentials of Psychiatric Mental Health Nursing, ,,,,EDG
B5D18B011110,Davis Edge for Essentials of Psychiatric Mental Health Nursing, ,,,,EDG
6D2197011110,Davis Edge for Essentials of Psychiatric Mental Health Nursing, ,,,,EDG
EFE207011110,Davis Edge for Essentials of Psychiatric Mental Health Nursing, ,,,,EDG
24F129011110,Davis Edge for Essentials of Psychiatric Mental Health Nursing, ,,,,EDG
D60976011110,Davis Edge for Essentials of Psychiatric Mental Health Nursing, ,,,,EDG
7DD240011110,Davis Edge for Essentials of Psychiatric Mental Health Nursing, ,,,,EDG
4BE691011110,Davis Edge for Essentials of Psychiatric Mental Health Nursing, ,,,,EDG
2F02BE011110,Davis Edge for Essentials of Psychiatric Mental Health Nursing, ,,,,EDG
45DB10011110,Davis Edge for Essentials of Psychiatric Mental Health Nursing, ,,,,EDG
66545A011110,Davis Edge for Essentials of Psychiatric Mental Health Nursing, ,,,,EDG
030EE1011110,Davis Edge for Essentials of Psychiatric Mental Health Nursing, ,,,,EDG
B011BB011110,Davis Edge for Essentials of Psychiatric Mental Health Nursing, ,,,,EDG
AE721D011110,Davis Edge for Essentials of Psychiatric Mental Health Nursing, ,,,,EDG
9CD1DF011110,Davis Edge for Essentials of Psychiatric Mental Health Nursing, ,,,,EDG
ACDCA8011110,Davis Edge for Essentials of Psychiatric Mental Health Nursing, ,,,,EDG
F06648011110,Davis Edge for Essentials of Psychiatric Mental Health Nursing, ,,,,EDG
70B2B6011110,Davis Edge for Essentials of Psychiatric Mental Health Nursing, ,,,,EDG
4BFFDC011110,Davis Edge for Essentials of Psychiatric Mental Health Nursing, ,,,,EDG
9.30242E+11,Davis Edge for Essentials of Psychiatric Mental Health Nursing, ,,,,EDG
6B7475011110,Davis Edge for Essentials of Psychiatric Mental Health Nursing, ,,,,EDG
E6A7FD011110,Davis Edge for Essentials of Psychiatric Mental Health Nursing, ,,,,EDG
7DA4DC011110,Davis Edge for Essentials of Psychiatric Mental Health Nursing, ,,,,EDG
F72031011110,Davis Edge for Essentials of Psychiatric Mental Health Nursing, ,,,,EDG
08BC35011110,Davis Edge for Essentials of Psychiatric Mental Health Nursing, ,,,,EDG
6AC873011110,Davis Edge for Essentials of Psychiatric Mental Health Nursing, ,,,,EDG
496D07011110,Davis Edge for Essentials of Psychiatric Mental Health Nursing, ,,,,EDG
123F0E011110,Davis Edge for Essentials of Psychiatric Mental Health Nursing, ,,,,EDG
D3D4F0011110,Davis Edge for Essentials of Psychiatric Mental Health Nursing, ,,,,EDG
272F42011110,Davis Edge for Essentials of Psychiatric Mental Health Nursing, ,,,,EDG
C3932B011110,Davis Edge for Essentials of Psychiatric Mental Health Nursing, ,,,,EDG
FE014D011110,Davis Edge for Essentials of Psychiatric Mental Health Nursing, ,,,,EDG
D788CA011110,Davis Edge for Essentials of Psychiatric Mental Health Nursing, ,,,,EDG
256C55011110,Davis Edge for Essentials of Psychiatric Mental Health Nursing, ,,,,EDG
1B3261011110,Davis Edge for Essentials of Psychiatric Mental Health Nursing, ,,,,EDG
50608B011110,Davis Edge for Essentials of Psychiatric Mental Health Nursing, ,,,,EDG
77617D011110,Davis Edge for Essentials of Psychiatric Mental Health Nursing, ,,,,EDG
138A91011110,Davis Edge for Essentials of Psychiatric Mental Health Nursing, ,,,,EDG
D480CB011110,Davis Edge for Essentials of Psychiatric Mental Health Nursing, ,,,,EDG
AE8C1C011110,Davis Edge for Essentials of Psychiatric Mental Health Nursing, ,,,,EDG
1165BB011110,Davis Edge for Essentials of Psychiatric Mental Health Nursing, ,,,,EDG
48DA3D011110,Davis Edge for Essentials of Psychiatric Mental Health Nursing, ,,,,EDG
D6ACEF011110,Davis Edge for Essentials of Psychiatric Mental Health Nursing, ,,,,EDG
F75B20011110,Davis Edge for Essentials of Psychiatric Mental Health Nursing, ,,,,EDG
6D52B4011110,Davis Edge for Essentials of Psychiatric Mental Health Nursing, ,,,,EDG
962EA7011110,Davis Edge for Essentials of Psychiatric Mental Health Nursing, ,,,,EDG
F00198011110,Davis Edge for Essentials of Psychiatric Mental Health Nursing, ,,,,EDG
E7C880011110,Davis Edge for Essentials of Psychiatric Mental Health Nursing, ,,,,EDG
4B5AC0011110,Davis Edge for Essentials of Psychiatric Mental Health Nursing, ,,,,EDG
AE2D7C011110,Davis Edge for Essentials of Psychiatric Mental Health Nursing, ,,,,EDG
E40694011110,Davis Edge for Essentials of Psychiatric Mental Health Nursing, ,,,,EDG
3.07642E+11,Davis Edge for Essentials of Psychiatric Mental Health Nursing, ,,,,EDG
3.82372E+11,Davis Edge for Essentials of Psychiatric Mental Health Nursing, ,,,,EDG
2.57633E+11,Davis Edge for Essentials of Psychiatric Mental Health Nursing, ,,,,EDG
96FCB0011110,Davis Edge for Essentials of Psychiatric Mental Health Nursing, ,,,,EDG
4D7D8C011110,Davis Edge for Essentials of Psychiatric Mental Health Nursing, ,,,,EDG
DABB27011110,Davis Edge for Essentials of Psychiatric Mental Health Nursing, ,,,,EDG
17D96B011110,Davis Edge for Essentials of Psychiatric Mental Health Nursing, ,,,,EDG
14F625011110,Davis Edge for Essentials of Psychiatric Mental Health Nursing, ,,,,EDG
49F421011110,Davis Edge for Essentials of Psychiatric Mental Health Nursing, ,,,,EDG
C5F994011110,Davis Edge for Essentials of Psychiatric Mental Health Nursing, ,,,,EDG
F6CC68011110,Davis Edge for Essentials of Psychiatric Mental Health Nursing, ,,,,EDG
D70F55011110,Davis Edge for Essentials of Psychiatric Mental Health Nursing, ,,,,EDG
94B335011110,Davis Edge for Essentials of Psychiatric Mental Health Nursing, ,,,,EDG
6B467C011110,Davis Edge for Essentials of Psychiatric Mental Health Nursing, ,,,,EDG
CD5282011110,Davis Edge for Essentials of Psychiatric Mental Health Nursing, ,,,,EDG
4B843A011110,Davis Edge for Essentials of Psychiatric Mental Health Nursing, ,,,,EDG
305BC7011110,Davis Edge for Essentials of Psychiatric Mental Health Nursing, ,,,,EDG
E865CE011110,Davis Edge for Essentials of Psychiatric Mental Health Nursing, ,,,,EDG
1AD20C011110,Davis Edge for Essentials of Psychiatric Mental Health Nursing, ,,,,EDG
06F6DF011110,Davis Edge for Essentials of Psychiatric Mental Health Nursing, ,,,,EDG
FB224B011110,Davis Edge for Essentials of Psychiatric Mental Health Nursing, ,,,,EDG
CE99E5011110,Davis Edge for Essentials of Psychiatric Mental Health Nursing, ,,,,EDG
204EBC011110,Davis Edge for Essentials of Psychiatric Mental Health Nursing, ,,,,EDG
DF6A2C011110,Davis Edge for Essentials of Psychiatric Mental Health Nursing, ,,,,EDG
BFD12C011110,Davis Edge for Essentials of Psychiatric Mental Health Nursing, ,,,,EDG
61E040011110,Davis Edge for Essentials of Psychiatric Mental Health Nursing, ,,,,EDG
88FC03011110,Davis Edge for Essentials of Psychiatric Mental Health Nursing, ,,,,EDG
C5EE4D011110,Davis Edge for Essentials of Psychiatric Mental Health Nursing, ,,,,EDG
54163A011110,Davis Edge for Essentials of Psychiatric Mental Health Nursing, ,,,,EDG
0CCE44011110,Davis Edge for Essentials of Psychiatric Mental Health Nursing, ,,,,EDG
C74172011110,Davis Edge for Essentials of Psychiatric Mental Health Nursing, ,,,,EDG
865AFB011110,Davis Edge for Essentials of Psychiatric Mental Health Nursing, ,,,,EDG
D09DC8011110,Davis Edge for Essentials of Psychiatric Mental Health Nursing, ,,,,EDG
C28353011110,Davis Edge for Essentials of Psychiatric Mental Health Nursing, ,,,,EDG
2.51659E+11,Davis Edge for Essentials of Psychiatric Mental Health Nursing, ,,,,EDG
E3A9F7011110,Davis Edge for Essentials of Psychiatric Mental Health Nursing, ,,,,EDG
9426EF011110,Davis Edge for Essentials of Psychiatric Mental Health Nursing, ,,,,EDG
99A368011110,Davis Edge for Essentials of Psychiatric Mental Health Nursing, ,,,,EDG
77BD3A011110,Davis Edge for Essentials of Psychiatric Mental Health Nursing, ,,,,EDG
411A9B011110,Davis Edge for Essentials of Psychiatric Mental Health Nursing, ,,,,EDG
ECC918011110,Davis Edge for Essentials of Psychiatric Mental Health Nursing, ,,,,EDG
1C66FA011110,Davis Edge for Essentials of Psychiatric Mental Health Nursing, ,,,,EDG
13AFCD011110,Davis Edge for Essentials of Psychiatric Mental Health Nursing, ,,,,EDG
364B51011110,Davis Edge for Essentials of Psychiatric Mental Health Nursing, ,,,,EDG
61FF14011110,Davis Edge for Essentials of Psychiatric Mental Health Nursing, ,,,,EDG
2.2909E+11,Davis Edge for Essentials of Psychiatric Mental Health Nursing, ,,,,EDG
311E40011110,Davis Edge for Essentials of Psychiatric Mental Health Nursing, ,,,,EDG
804D14011110,Davis Edge for Essentials of Psychiatric Mental Health Nursing, ,,,,EDG
3.14067E+11,Davis Edge for Essentials of Psychiatric Mental Health Nursing, ,,,,EDG
C0FEC6011110,Davis Edge for Essentials of Psychiatric Mental Health Nursing, ,,,,EDG
0BF4DE011110,Davis Edge for Essentials of Psychiatric Mental Health Nursing, ,,,,EDG
B2143E011110,Davis Edge for Essentials of Psychiatric Mental Health Nursing, ,,,,EDG
16D927011110,Davis Edge for Essentials of Psychiatric Mental Health Nursing, ,,,,EDG
86BC93011110,Davis Edge for Essentials of Psychiatric Mental Health Nursing, ,,,,EDG
552E93011110,Davis Edge for Essentials of Psychiatric Mental Health Nursing, ,,,,EDG
0FFA1C011110,Davis Edge for Essentials of Psychiatric Mental Health Nursing, ,,,,EDG
15FAD7011110,Davis Edge for Essentials of Psychiatric Mental Health Nursing, ,,,,EDG
5FDABA011110,Davis Edge for Essentials of Psychiatric Mental Health Nursing, ,,,,EDG
8.01245E+11,Davis Edge for Essentials of Psychiatric Mental Health Nursing, ,,,,EDG
D7C3D3011110,Davis Edge for Essentials of Psychiatric Mental Health Nursing, ,,,,EDG
83E4CE011110,Davis Edge for Essentials of Psychiatric Mental Health Nursing, ,,,,EDG
EAD289011110,Davis Edge for Essentials of Psychiatric Mental Health Nursing, ,,,,EDG
A078AE011110,Davis Edge for Essentials of Psychiatric Mental Health Nursing, ,,,,EDG
E5825C011110,Davis Edge for Essentials of Psychiatric Mental Health Nursing, ,,,,EDG
B9BB40011110,Davis Edge for Essentials of Psychiatric Mental Health Nursing, ,,,,EDG
BE33D0011110,Davis Edge for Essentials of Psychiatric Mental Health Nursing, ,,,,EDG
DACCE3011110,Davis Edge for Essentials of Psychiatric Mental Health Nursing, ,,,,EDG
AF4549011110,Davis Edge for Essentials of Psychiatric Mental Health Nursing, ,,,,EDG
63A33F011110,Davis Edge for Essentials of Psychiatric Mental Health Nursing, ,,,,EDG
E0AA9E011110,Davis Edge for Essentials of Psychiatric Mental Health Nursing, ,,,,EDG
E46D71011110,Davis Edge for Essentials of Psychiatric Mental Health Nursing, ,,,,EDG
AB9089011110,Davis Edge for Essentials of Psychiatric Mental Health Nursing, ,,,,EDG
0786EB011110,Davis Edge for Essentials of Psychiatric Mental Health Nursing, ,,,,EDG
F82D20011110,Davis Edge for Essentials of Psychiatric Mental Health Nursing, ,,,,EDG
BE4250011110,Davis Edge for Essentials of Psychiatric Mental Health Nursing, ,,,,EDG
9230C5011110,Davis Edge for Essentials of Psychiatric Mental Health Nursing, ,,,,EDG
6AC5F2011110,Davis Edge for Essentials of Psychiatric Mental Health Nursing, ,,,,EDG
F724F0011110,Davis Edge for Essentials of Psychiatric Mental Health Nursing, ,,,,EDG
99593F011110,Davis Edge for Essentials of Psychiatric Mental Health Nursing, ,,,,EDG
10DD51011110,Davis Edge for Essentials of Psychiatric Mental Health Nursing, ,,,,EDG
8B6A4B011110,Davis Edge for Essentials of Psychiatric Mental Health Nursing, ,,,,EDG
7E8D51011110,Davis Edge for Essentials of Psychiatric Mental Health Nursing, ,,,,EDG
1DA813011110,Davis Edge for Essentials of Psychiatric Mental Health Nursing, ,,,,EDG
EF7887011110,Davis Edge for Essentials of Psychiatric Mental Health Nursing, ,,,,EDG
B2317D011110,Davis Edge for Essentials of Psychiatric Mental Health Nursing, ,,,,EDG
FE4482011110,Davis Edge for Essentials of Psychiatric Mental Health Nursing, ,,,,EDG
8CD2AF011110,Davis Edge for Essentials of Psychiatric Mental Health Nursing, ,,,,EDG
3245D2011110,Davis Edge for Essentials of Psychiatric Mental Health Nursing, ,,,,EDG
875D1C011110,Davis Edge for Essentials of Psychiatric Mental Health Nursing, ,,,,EDG
798F7C011110,Davis Edge for Essentials of Psychiatric Mental Health Nursing, ,,,,EDG
D3B33E011110,Davis Edge for Essentials of Psychiatric Mental Health Nursing, ,,,,EDG
6782E1011110,Davis Edge for Essentials of Psychiatric Mental Health Nursing, ,,,,EDG
9BB7B6011110,Davis Edge for Essentials of Psychiatric Mental Health Nursing, ,,,,EDG
75A1B0011110,Davis Edge for Essentials of Psychiatric Mental Health Nursing, ,,,,EDG
262B12011110,Davis Edge for Essentials of Psychiatric Mental Health Nursing, ,,,,EDG
4.17427E+11,Davis Edge for Essentials of Psychiatric Mental Health Nursing, ,,,,EDG
0C1747011110,Davis Edge for Essentials of Psychiatric Mental Health Nursing, ,,,,EDG
2.93277E+11,Davis Edge for Essentials of Psychiatric Mental Health Nursing, ,,,,EDG
EF7087011110,Davis Edge for Essentials of Psychiatric Mental Health Nursing, ,,,,EDG
728C8F011110,Davis Edge for Essentials of Psychiatric Mental Health Nursing, ,,,,EDG
7BB4F1011110,Davis Edge for Essentials of Psychiatric Mental Health Nursing, ,,,,EDG
2187EA011110,Davis Edge for Essentials of Psychiatric Mental Health Nursing, ,,,,EDG
F2429B011110,Davis Edge for Essentials of Psychiatric Mental Health Nursing, ,,,,EDG
C9E452011110,Davis Edge for Essentials of Psychiatric Mental Health Nursing, ,,,,EDG
95E15E011110,Davis Edge for Essentials of Psychiatric Mental Health Nursing, ,,,,EDG
4.56232E+11,Davis Edge for Essentials of Psychiatric Mental Health Nursing, ,,,,EDG
83F7E3011110,Davis Edge for Essentials of Psychiatric Mental Health Nursing, ,,,,EDG
8145DF011110,Davis Edge for Essentials of Psychiatric Mental Health Nursing, ,,,,EDG
BD1049011110,Davis Edge for Essentials of Psychiatric Mental Health Nursing, ,,,,EDG
706B3A011110,Davis Edge for Essentials of Psychiatric Mental Health Nursing, ,,,,EDG
9DFBEE011110,Davis Edge for Essentials of Psychiatric Mental Health Nursing, ,,,,EDG
F3C99A011110,Davis Edge for Essentials of Psychiatric Mental Health Nursing, ,,,,EDG
81A8F3011110,Davis Edge for Essentials of Psychiatric Mental Health Nursing, ,,,,EDG
CE263D011110,Davis Edge for Essentials of Psychiatric Mental Health Nursing, ,,,,EDG
85DE10011110,Davis Edge for Essentials of Psychiatric Mental Health Nursing, ,,,,EDG
C36D73011110,Davis Edge for Essentials of Psychiatric Mental Health Nursing, ,,,,EDG
9BBE92011110,Davis Edge for Essentials of Psychiatric Mental Health Nursing, ,,,,EDG
EB3FE4011110,Davis Edge for Essentials of Psychiatric Mental Health Nursing, ,,,,EDG
5D852F011110,Davis Edge for Essentials of Psychiatric Mental Health Nursing, ,,,,EDG
EE775C011110,Davis Edge for Essentials of Psychiatric Mental Health Nursing, ,,,,EDG
4B13E6011110,Davis Edge for Essentials of Psychiatric Mental Health Nursing, ,,,,EDG
68FB78011110,Davis Edge for Essentials of Psychiatric Mental Health Nursing, ,,,,EDG
C1389E011110,Davis Edge for Essentials of Psychiatric Mental Health Nursing, ,,,,EDG
BEE0BD011110,Davis Edge for Essentials of Psychiatric Mental Health Nursing, ,,,,EDG
63748E011110,Davis Edge for Essentials of Psychiatric Mental Health Nursing, ,,,,EDG
19261E011110,Davis Edge for Essentials of Psychiatric Mental Health Nursing, ,,,,EDG
96173F011110,Davis Edge for Essentials of Psychiatric Mental Health Nursing, ,,,,EDG
6.41053E+11,Davis Edge for Essentials of Psychiatric Mental Health Nursing, ,,,,EDG
186F23011110,Davis Edge for Essentials of Psychiatric Mental Health Nursing, ,,,,EDG
49A919011110,Davis Edge for Essentials of Psychiatric Mental Health Nursing, ,,,,EDG
B94B28011110,Davis Edge for Essentials of Psychiatric Mental Health Nursing, ,,,,EDG
93BC3A011110,Davis Edge for Essentials of Psychiatric Mental Health Nursing, ,,,,EDG
9.2025E+11,Davis Edge for Essentials of Psychiatric Mental Health Nursing, ,,,,EDG
3F7DD9011110,Davis Edge for Essentials of Psychiatric Mental Health Nursing, ,,,,EDG
4B6259011110,Davis Edge for Essentials of Psychiatric Mental Health Nursing, ,,,,EDG
08861F011110,Davis Edge for Essentials of Psychiatric Mental Health Nursing, ,,,,EDG
0540F6011110,Davis Edge for Essentials of Psychiatric Mental Health Nursing, ,,,,EDG
EC466E011110,Davis Edge for Essentials of Psychiatric Mental Health Nursing, ,,,,EDG
84F9D8011110,Davis Edge for Essentials of Psychiatric Mental Health Nursing, ,,,,EDG
C6C4A5011110,Davis Edge for Essentials of Psychiatric Mental Health Nursing, ,,,,EDG
B85B00011110,Davis Edge for Essentials of Psychiatric Mental Health Nursing, ,,,,EDG
66ADE4011110,Davis Edge for Essentials of Psychiatric Mental Health Nursing, ,,,,EDG
3E356A011110,Davis Edge for Essentials of Psychiatric Mental Health Nursing, ,,,,EDG
FF41EA011110,Davis Edge for Essentials of Psychiatric Mental Health Nursing, ,,,,EDG
6AC4CA011110,Davis Edge for Essentials of Psychiatric Mental Health Nursing, ,,,,EDG
16E237011110,Davis Edge for Essentials of Psychiatric Mental Health Nursing, ,,,,EDG
BACFB3011110,Davis Edge for Essentials of Psychiatric Mental Health Nursing, ,,,,EDG
B4CB67011110,Davis Edge for Essentials of Psychiatric Mental Health Nursing, ,,,,EDG
32FF9C011110,Davis Edge for Essentials of Psychiatric Mental Health Nursing, ,,,,EDG
36DFE5011110,Davis Edge for Essentials of Psychiatric Mental Health Nursing, ,,,,EDG
11133F011110,Davis Edge for Essentials of Psychiatric Mental Health Nursing, ,,,,EDG
51DE1C011110,Davis Edge for Essentials of Psychiatric Mental Health Nursing, ,,,,EDG
4.03387E+11,Davis Edge for Essentials of Psychiatric Mental Health Nursing, ,,,,EDG
6593F9011110,Davis Edge for Essentials of Psychiatric Mental Health Nursing, ,,,,EDG
3B2674011110,Davis Edge for Essentials of Psychiatric Mental Health Nursing, ,,,,EDG
4.72471E+11,Davis Edge for Essentials of Psychiatric Mental Health Nursing, ,,,,EDG
B9D31E011110,Davis Edge for Essentials of Psychiatric Mental Health Nursing, ,,,,EDG
F7E61C011110,Davis Edge for Essentials of Psychiatric Mental Health Nursing, ,,,,EDG
917F19011110,Davis Edge for Essentials of Psychiatric Mental Health Nursing, ,,,,EDG
B925BF011110,Davis Edge for Essentials of Psychiatric Mental Health Nursing, ,,,,EDG
9.73257E+11,Davis Edge for Essentials of Psychiatric Mental Health Nursing, ,,,,EDG
8F76FC011110,Davis Edge for Essentials of Psychiatric Mental Health Nursing, ,,,,EDG
341BA5011110,Davis Edge for Essentials of Psychiatric Mental Health Nursing, ,,,,EDG
BFA200011110,Davis Edge for Essentials of Psychiatric Mental Health Nursing, ,,,,EDG
B0EE17011110,Davis Edge for Essentials of Psychiatric Mental Health Nursing, ,,,,EDG
1441CF011110,Davis Edge for Essentials of Psychiatric Mental Health Nursing, ,,,,EDG
3E600B011110,Davis Edge for Essentials of Psychiatric Mental Health Nursing, ,,,,EDG
0A8C4D011110,Davis Edge for Essentials of Psychiatric Mental Health Nursing, ,,,,EDG
869C24011110,Davis Edge for Essentials of Psychiatric Mental Health Nursing, ,,,,EDG
31B9D4011110,Davis Edge for Essentials of Psychiatric Mental Health Nursing, ,,,,EDG
42EF2B011110,Davis Edge for Essentials of Psychiatric Mental Health Nursing, ,,,,EDG
2A7010011110,Davis Edge for Essentials of Psychiatric Mental Health Nursing, ,,,,EDG
9FDEE0011110,Davis Edge for Essentials of Psychiatric Mental Health Nursing, ,,,,EDG
FDA5E8011110,Davis Edge for Essentials of Psychiatric Mental Health Nursing, ,,,,EDG
12FB58011110,Davis Edge for Essentials of Psychiatric Mental Health Nursing, ,,,,EDG
103C03011110,Davis Edge for Essentials of Psychiatric Mental Health Nursing, ,,,,EDG
85354A011110,Davis Edge for Essentials of Psychiatric Mental Health Nursing, ,,,,EDG
2B945F011110,Davis Edge for Essentials of Psychiatric Mental Health Nursing, ,,,,EDG
A46DF1011110,Davis Edge for Essentials of Psychiatric Mental Health Nursing, ,,,,EDG
6E2B61011110,Davis Edge for Essentials of Psychiatric Mental Health Nursing, ,,,,EDG
88F60D011110,Davis Edge for Essentials of Psychiatric Mental Health Nursing, ,,,,EDG
02845A011110,Davis Edge for Essentials of Psychiatric Mental Health Nursing, ,,,,EDG
CEC61F011110,Davis Edge for Essentials of Psychiatric Mental Health Nursing, ,,,,EDG
9217E3011110,Davis Edge for Essentials of Psychiatric Mental Health Nursing, ,,,,EDG
73BF7A011110,Davis Edge for Essentials of Psychiatric Mental Health Nursing, ,,,,EDG
C9F98B011110,Davis Edge for Essentials of Psychiatric Mental Health Nursing, ,,,,EDG
C82BC8011110,Davis Edge for Essentials of Psychiatric Mental Health Nursing, ,,,,EDG
BD28BF011110,Davis Edge for Essentials of Psychiatric Mental Health Nursing, ,,,,EDG
5AA7F9011110,Davis Edge for Essentials of Psychiatric Mental Health Nursing, ,,,,EDG
D4354D011110,Davis Edge for Essentials of Psychiatric Mental Health Nursing, ,,,,EDG
F0B0C8011110,Davis Edge for Essentials of Psychiatric Mental Health Nursing, ,,,,EDG
89457E011110,Davis Edge for Essentials of Psychiatric Mental Health Nursing, ,,,,EDG
9CEE56011110,Davis Edge for Essentials of Psychiatric Mental Health Nursing, ,,,,EDG
BA8A56011110,Davis Edge for Essentials of Psychiatric Mental Health Nursing, ,,,,EDG
F2A6DC011110,Davis Edge for Essentials of Psychiatric Mental Health Nursing, ,,,,EDG
DE797D011110,Davis Edge for Essentials of Psychiatric Mental Health Nursing, ,,,,EDG
6B16C3011110,Davis Edge for Essentials of Psychiatric Mental Health Nursing, ,,,,EDG
8.58794E+11,Davis Edge for Essentials of Psychiatric Mental Health Nursing, ,,,,EDG
E1604F011110,Davis Edge for Essentials of Psychiatric Mental Health Nursing, ,,,,EDG
E39BB7011110,Davis Edge for Essentials of Psychiatric Mental Health Nursing, ,,,,EDG
580C43011110,Davis Edge for Essentials of Psychiatric Mental Health Nursing, ,,,,EDG
3C7016011110,Davis Edge for Essentials of Psychiatric Mental Health Nursing, ,,,,EDG
7B2621011110,Davis Edge for Essentials of Psychiatric Mental Health Nursing, ,,,,EDG
0D7D83011110,Davis Edge for Essentials of Psychiatric Mental Health Nursing, ,,,,EDG
C477BB011110,Davis Edge for Essentials of Psychiatric Mental Health Nursing, ,,,,EDG
3AA7BE011110,Davis Edge for Essentials of Psychiatric Mental Health Nursing, ,,,,EDG
9F07E1011110,Davis Edge for Essentials of Psychiatric Mental Health Nursing, ,,,,EDG
C63EE8011110,Davis Edge for Essentials of Psychiatric Mental Health Nursing, ,,,,EDG
4E950C011110,Davis Edge for Essentials of Psychiatric Mental Health Nursing, ,,,,EDG
AA6DE4011110,Davis Edge for Essentials of Psychiatric Mental Health Nursing, ,,,,EDG
10C278011110,Davis Edge for Essentials of Psychiatric Mental Health Nursing, ,,,,EDG
4BA96C011110,Davis Edge for Essentials of Psychiatric Mental Health Nursing, ,,,,EDG
B970AC011110,Davis Edge for Essentials of Psychiatric Mental Health Nursing, ,,,,EDG
480E35011110,Davis Edge for Essentials of Psychiatric Mental Health Nursing, ,,,,EDG
2.00172E+11,Davis Edge for Essentials of Psychiatric Mental Health Nursing, ,,,,EDG
2E45EC011110,Davis Edge for Essentials of Psychiatric Mental Health Nursing, ,,,,EDG
6F1710011110,Davis Edge for Essentials of Psychiatric Mental Health Nursing, ,,,,EDG
5.34866E+11,Davis Edge for Essentials of Psychiatric Mental Health Nursing, ,,,,EDG
7.78487E+11,Davis Edge for Essentials of Psychiatric Mental Health Nursing, ,,,,EDG
481B72011110,Davis Edge for Essentials of Psychiatric Mental Health Nursing, ,,,,EDG
71E8F7011110,Davis Edge for Essentials of Psychiatric Mental Health Nursing, ,,,,EDG
C7CB8D011110,Davis Edge for Essentials of Psychiatric Mental Health Nursing, ,,,,EDG
A3971D011110,Davis Edge for Essentials of Psychiatric Mental Health Nursing, ,,,,EDG
E2F7CD011110,Davis Edge for Essentials of Psychiatric Mental Health Nursing, ,,,,EDG
D63E1F011110,Davis Edge for Essentials of Psychiatric Mental Health Nursing, ,,,,EDG
7AE7A9011110,Davis Edge for Essentials of Psychiatric Mental Health Nursing, ,,,,EDG
16585F011110,Davis Edge for Essentials of Psychiatric Mental Health Nursing, ,,,,EDG
3ABF9A011110,Davis Edge for Essentials of Psychiatric Mental Health Nursing, ,,,,EDG
90F151011110,Davis Edge for Essentials of Psychiatric Mental Health Nursing, ,,,,EDG
9.87957E+11,Davis Edge for Essentials of Psychiatric Mental Health Nursing, ,,,,EDG
6F12B9011110,Davis Edge for Essentials of Psychiatric Mental Health Nursing, ,,,,EDG
88E73E011110,Davis Edge for Essentials of Psychiatric Mental Health Nursing, ,,,,EDG
A411E7011110,Davis Edge for Essentials of Psychiatric Mental Health Nursing, ,,,,EDG
910E99011110,Davis Edge for Essentials of Psychiatric Mental Health Nursing, ,,,,EDG
12982E011110,Davis Edge for Essentials of Psychiatric Mental Health Nursing, ,,,,EDG
99DF98011110,Davis Edge for Essentials of Psychiatric Mental Health Nursing, ,,,,EDG
5175E1011110,Davis Edge for Essentials of Psychiatric Mental Health Nursing, ,,,,EDG
27AE0D011110,Davis Edge for Essentials of Psychiatric Mental Health Nursing, ,,,,EDG
3.71314E+11,Davis Edge for Essentials of Psychiatric Mental Health Nursing, ,,,,EDG
C2B604011110,Davis Edge for Essentials of Psychiatric Mental Health Nursing, ,,,,EDG
8E822C011110,Davis Edge for Essentials of Psychiatric Mental Health Nursing, ,,,,EDG
B02486011110,Davis Edge for Essentials of Psychiatric Mental Health Nursing, ,,,,EDG
5.85649E+11,Davis Edge for Essentials of Psychiatric Mental Health Nursing, ,,,,EDG
271D15011110,Davis Edge for Essentials of Psychiatric Mental Health Nursing, ,,,,EDG
3B74FE011110,Davis Edge for Essentials of Psychiatric Mental Health Nursing, ,,,,EDG
ACC7D7011110,Davis Edge for Essentials of Psychiatric Mental Health Nursing, ,,,,EDG
52B16D011110,Davis Edge for Essentials of Psychiatric Mental Health Nursing, ,,,,EDG
ED1FE1011110,Davis Edge for Essentials of Psychiatric Mental Health Nursing, ,,,,EDG
276DE2011110,Davis Edge for Essentials of Psychiatric Mental Health Nursing, ,,,,EDG
C09A31011110,Davis Edge for Essentials of Psychiatric Mental Health Nursing, ,,,,EDG
BDC37E011110,Davis Edge for Essentials of Psychiatric Mental Health Nursing, ,,,,EDG
5C3E6E011110,Davis Edge for Essentials of Psychiatric Mental Health Nursing, ,,,,EDG
59262D011110,Davis Edge for Essentials of Psychiatric Mental Health Nursing, ,,,,EDG
C5ED97011110,Davis Edge for Essentials of Psychiatric Mental Health Nursing, ,,,,EDG
C2B3B9011110,Davis Edge for Essentials of Psychiatric Mental Health Nursing, ,,,,EDG
1.24343E+11,Davis Edge for Essentials of Psychiatric Mental Health Nursing, ,,,,EDG
39F12D011110,Davis Edge for Essentials of Psychiatric Mental Health Nursing, ,,,,EDG
8E8AD4011110,Davis Edge for Essentials of Psychiatric Mental Health Nursing, ,,,,EDG
39F4C4011110,Davis Edge for Essentials of Psychiatric Mental Health Nursing, ,,,,EDG
E570AE011110,Davis Edge for Essentials of Psychiatric Mental Health Nursing, ,,,,EDG
08D27B011110,Davis Edge for Essentials of Psychiatric Mental Health Nursing, ,,,,EDG
1.55141E+11,Davis Edge for Essentials of Psychiatric Mental Health Nursing, ,,,,EDG
EF5EB0011110,Davis Edge for Essentials of Psychiatric Mental Health Nursing, ,,,,EDG
